City,Cloudiness,Country,Date,Max Temp,Wind Speed,Lat,Lng,Humidity
Esperance,20,TT,1541631600,82.4,3.36,10.24,-61.45,78
Yellowknife,75,CA,1541631120,12.2,2.24,62.45,-114.38,85
Busselton,32,AU,1541633502,58.49,8.75,-33.64,115.35,100
Igrim,24,RU,1541633502,11.82,14.56,63.19,64.42,75
Araouane,0,ML,1541633502,69.65,6.51,18.9,-3.53,30
Ushuaia,75,AR,1541631600,53.6,9.17,-54.81,-68.31,37
Mujiayingzi,44,CN,1541633503,23.88,2.59,42.12,118.78,68
Salalah,20,OM,1541631000,77,4.7,17.01,54.1,78
Tuktoyaktuk,75,CA,1541628000,6.8,12.75,69.44,-133.03,77
Castro,88,CL,1541633504,52.68,3.15,-42.48,-73.76,64
Natal,40,BR,1541631600,80.6,8.05,-5.81,-35.21,74
Katsuura,20,JP,1541628000,50,5.82,33.93,134.5,100
Cape Town,0,ZA,1541631600,59,6.93,-33.93,18.42,77
Vidim,90,CZ,1541631600,48.2,3.36,50.47,14.53,93
San Policarpo,100,PH,1541633504,77.88,11.43,12.18,125.51,100
Kibala,0,TD,1541631600,77,4.61,9.11,18.35,78
Lodja,36,CD,1541633508,72.98,1.81,-3.52,23.6,96
Maldonado,0,UY,1541631600,62.6,12.75,-34.91,-54.96,63
Thompson,90,CA,1541628000,10.4,5.82,55.74,-97.86,85
Hirara,20,JP,1541628000,71.6,5.82,24.8,125.28,88
Vung Tau,40,VN,1541631600,77,2.24,10.35,107.08,94
Cherskiy,36,RU,1541633509,-7.31,2.71,68.75,161.3,61
Axim,20,GH,1541633509,81.75,6.06,4.87,-2.24,100
Virginia Beach,1,US,1541631360,66.2,5.17,36.85,-75.98,72
Champerico,40,MX,1541630880,86,1.59,16.38,-93.6,51
Minna,0,NG,1541633510,74.1,2.93,9.62,6.55,90
Rikitea,20,PF,1541633510,73.61,5.39,-23.12,-134.97,100
Klaksvik,92,FO,1541631000,50,35.57,62.23,-6.59,93
Los Andes,0,CL,1541631600,82.4,14.99,-32.83,-70.6,24
Ponta Delgada,20,PT,1541631600,59,8.05,37.73,-25.67,77
Uppsala,90,SE,1541631000,46.4,4.7,59.86,17.64,100
Avarua,75,CK,1541631600,80.6,12.75,-21.21,-159.78,74
Puerto Ayora,20,EC,1541631600,77,20.8,-0.74,-90.35,69
Portland,40,US,1541631360,51.98,2.26,45.52,-122.67,68
Bar Harbor,1,US,1541631360,51.08,6.93,44.39,-68.2,73
Butaritari,0,KI,1541633512,85.4,11.43,3.07,172.79,100
Jamestown,12,AU,1541633502,55.88,4.27,-33.21,138.6,62
Brookhaven,1,US,1541632500,62.06,9.17,40.78,-72.92,45
Butajira,100,ET,1541633512,54.12,0.92,8.12,38.38,94
Lebu,75,ET,1541628000,57.2,6.93,8.96,38.73,82
Tuatapere,92,NZ,1541633513,49.22,6.17,-46.13,167.69,100
Bonavista,0,CA,1541633513,49.13,18.48,48.65,-53.11,82
Khatanga,12,RU,1541633514,-19.68,16.69,71.98,102.47,56
Port Alfred,0,ZA,1541633561,59.21,13.89,-33.59,26.89,100
Sivas,40,TR,1541631000,33.8,4.7,39.75,37.01,86
Aklavik,75,CA,1541628000,8.6,3.36,68.22,-135.01,77
Saskylakh,20,RU,1541633562,-30.3,8.19,71.97,114.09,50
Carahue,32,CL,1541633562,53.45,4.16,-38.71,-73.16,94
Cururupu,92,BR,1541633562,80.36,9.98,-1.82,-44.87,84
Atuona,8,PF,1541633563,80.27,12.66,-9.8,-139.03,100
Faanui,92,PF,1541633563,81.75,16.69,-16.48,-151.75,99
Muroto,75,JP,1541628000,57.2,8.05,33.37,134.14,82
Marsh Harbour,0,BS,1541633563,81.26,14.67,26.54,-77.06,99
Victoria,75,BN,1541631600,77,4.5,5.28,115.24,100
Hami,0,CN,1541633564,21.41,4.83,42.84,93.51,69
Kapaa,20,US,1541631360,84.02,9.17,22.08,-159.32,65
Almaznyy,0,RU,1541633564,24.6,2.82,48.03,40.04,72
Ilulissat,0,GL,1541631000,6.8,2.24,69.22,-51.1,60
Meiganga,36,CM,1541633565,64.34,2.48,6.52,14.29,96
Qaanaaq,0,GL,1541633565,-4.16,10.2,77.48,-69.36,100
Fukue,20,JP,1541629800,62.6,3.36,35.03,136.69,82
Nyurba,64,RU,1541633565,3.68,6.96,63.29,118.35,81
Tokur,88,RU,1541633565,22.76,4.72,53.13,132.9,76
Saint-Philippe,90,CA,1541632500,47.66,5.82,45.36,-73.48,57
Ginda,0,IN,1541633566,40.85,2.71,30.69,78.49,59
Albany,20,US,1541631240,51.8,5.82,42.65,-73.75,49
Port Elizabeth,1,US,1541631360,60.98,11.21,39.31,-74.98,59
Hobart,75,AU,1541631600,51.8,19.46,-42.88,147.33,43
Gamovo,75,RU,1541629800,35.6,13.42,57.87,56.11,93
Barrow,0,AR,1541633567,64.88,15.68,-38.31,-60.23,33
Port Moresby,40,PG,1541631600,87.8,3.36,-9.47,147.16,62
Timbuktu,32,ML,1541633567,69.78,3.04,16.77,-3.01,39
Saint George,75,GR,1541631000,55.4,2.71,39.45,22.34,93
Bluff,88,AU,1541633567,77.84,16.35,-23.58,149.07,56
Punta Arenas,75,CL,1541631600,50,31.09,-53.16,-70.91,66
Buraydah,75,SA,1541628000,64.4,4.7,26.33,43.97,100
Provideniya,75,RU,1541629800,28.4,2.24,64.42,-173.23,86
Marzuq,0,YE,1541633568,47.24,2.15,14.4,46.47,91
Palimbang,20,PH,1541631600,80.6,2.24,14.9,120.78,78
Yulara,0,AU,1541631600,66.2,20.8,-25.24,130.99,34
Cabo Rojo,40,PR,1541631000,75.2,3.36,18.09,-67.15,100
Mahebourg,20,MU,1541631600,73.4,3.36,-20.41,57.7,88
Candido de Abreu,92,BR,1541633569,70.1,7.85,-24.57,-51.33,72
Bensheim,90,DE,1541631360,50.9,3.36,49.68,8.62,100
Lasa,20,CY,1541631600,62.6,5.82,34.92,32.53,67
Carnarvon,0,ZA,1541633569,36.8,2.93,-30.97,22.13,38
Bredasdorp,0,ZA,1541631600,50,1.12,-34.53,20.04,81
Vaini,80,IN,1541633621,72.75,2.15,15.34,74.49,86
Guiglo,48,CI,1541633622,71.45,2.59,6.55,-7.5,96
Polewali,80,ID,1541633622,77.7,2.59,-4.03,119.8,94
San Cristobal,40,EC,1541631600,64.4,14.99,-0.39,-78.55,59
Clyde River,90,CA,1541628000,6.8,8.05,70.47,-68.59,92
Narsaq,0,GL,1541631000,15.8,2.24,60.91,-46.05,72
Georgetown,20,GY,1541631600,80.6,6.93,6.8,-58.16,83
Hilo,90,US,1541631360,80.96,4.7,19.71,-155.08,67
Geraldton,90,CA,1541628000,24.8,12.75,49.72,-86.95,85
Nautla,0,MX,1541633623,81.44,16.35,20.22,-96.78,98
Mataura,92,NZ,1541633624,49.53,5.39,-46.19,168.86,100
Lavrentiya,88,RU,1541633624,30.41,4.72,65.58,-170.99,100
Tacoronte,75,ES,1541631600,69.8,3.36,28.48,-16.41,82
Kavieng,12,PG,1541633419,85.76,7.85,-2.57,150.8,100
Waddan,0,LY,1541633624,55.52,6.62,29.16,16.14,92
Vila Franca do Campo,20,PT,1541631600,59,8.05,37.72,-25.43,77
Christchurch,92,NZ,1541631600,78.8,17.22,-43.53,172.64,50
Siteki,0,SZ,1541631600,51.8,6.73,-26.45,31.95,93
Iqaluit,90,CA,1541630580,23,9.17,63.75,-68.52,79
Ashqelon,0,IL,1541632800,60.8,2.24,31.67,34.57,82
Sao Gabriel da Cachoeira,12,BR,1541633626,77.97,2.59,-0.13,-67.09,92
Saint-Pierre,90,FR,1541631600,50,16.11,48.95,4.24,87
Portel,0,PT,1541631600,50,2.24,38.31,-7.71,87
Yar-Sale,48,RU,1541633626,4.85,16.8,66.83,70.83,86
Ahipara,64,NZ,1541633627,68.88,12.21,-35.17,173.16,76
Talnakh,32,RU,1541633627,-11.45,9.19,69.49,88.39,72
Nikolskoye,90,RU,1541629800,41,2.24,59.7,30.79,93
Vostok,8,RU,1541633627,19.43,2.37,46.45,135.83,65
Constitucion,5,MX,1541630880,77,5.82,23.99,-104.67,29
Innisfail,5,CA,1541631600,21.2,5.82,52.02,-113.95,62
Hermanus,0,ZA,1541633131,44.27,2.82,-34.42,19.24,90
La Sarre,92,CA,1541633410,35.22,11.21,48.8,-79.2,100
Amfissa,80,GR,1541633628,52.73,4.27,38.53,22.38,100
Qasigiannguit,0,GL,1541631000,6.8,2.24,68.82,-51.19,60
Caravelas,92,BR,1541633628,78.29,16.02,-17.73,-39.27,100
San Andres,36,PH,1541633629,82.02,19.93,13.32,122.68,100
Mareeba,20,AU,1541631600,84.2,6.93,-16.99,145.42,58
Verkhnevilyuysk,68,RU,1541633629,-2,7.07,63.45,120.31,71
Padang,56,ID,1541633629,80.54,8.41,-0.92,100.36,100
Alofi,90,NU,1541631600,78.8,18.34,-19.06,-169.92,78
Eureka,1,US,1541631300,57.92,13.87,40.8,-124.16,57
Chokurdakh,56,RU,1541633630,-13.25,5.73,70.62,147.9,83
Vestmannaeyjar,76,IS,1541633630,41.03,9.86,63.44,-20.27,98
Kewanee,90,US,1541631660,37.58,9.17,41.25,-89.92,71
Madimba,75,CM,1541628000,77,2.24,4.42,9.93,100
Vila Velha,20,BR,1541631600,80.6,10.29,-3.71,-38.6,74
Namatanai,36,PG,1541633681,85.98,8.3,-3.66,152.44,95
Maniitsoq,0,GL,1541633682,11.73,7.18,65.42,-52.9,100
Bathsheba,75,BB,1541631600,80.6,14.99,13.22,-59.52,83
Calama,0,CL,1541631600,71.6,14.99,-22.46,-68.93,9
Onega,76,RU,1541633682,39.23,6.85,63.91,38.09,100
Tongren,80,CN,1541633683,41.93,3.71,27.72,109.18,100
Cidreira,36,BR,1541633683,66.9,15.68,-30.17,-50.22,77
Acajutla,20,SV,1541631000,86,4.7,13.59,-89.83,74
Margate,75,AU,1541631600,51.8,19.46,-43.03,147.26,43
Bambous Virieux,20,MU,1541631600,73.4,3.36,-20.34,57.76,88
Harper,1,US,1541632500,78.44,3.36,30.3,-99.24,61
Vao,76,EE,1541633684,40.85,3.04,59.1,26.19,100
Machiques,56,VE,1541633684,68.52,3.38,10.06,-72.55,97
Meulaboh,24,ID,1541633684,77.39,4.38,4.14,96.13,100
Mackay,5,CA,1541631600,26.6,9.17,53.65,-115.58,62
Vardo,90,US,1541632500,57.92,6.73,39.62,-77.74,47
Lompoc,1,US,1541631360,77,12.75,34.64,-120.46,65
Beloha,36,MG,1541633685,66.59,3.71,-25.17,45.06,92
Tasiilaq,92,GL,1541631000,35.6,29.97,65.61,-37.64,74
Shihezi,92,CN,1541633685,27.89,3.27,44.3,86.03,96
Grand Gaube,20,MU,1541631600,73.4,3.36,-20.01,57.66,88
Dikson,12,RU,1541633685,5.7,29.66,73.51,80.55,100
Great Yarmouth,56,GB,1541631000,48.2,8.05,52.61,1.73,93
Richards Bay,44,ZA,1541633686,62.22,11.21,-28.77,32.06,73
Yarada,0,IN,1541633686,81.17,6.06,17.65,83.27,100
Nanortalik,0,GL,1541633686,25.55,6.96,60.14,-45.24,99
Yagodnoye,48,RU,1541633686,-13.52,2.93,62.52,149.63,75
Longyearbyen,75,NO,1541631000,30.2,6.93,78.22,15.63,68
College,1,US,1541631480,15.98,2.71,64.86,-147.8,79
Olinda,75,EC,1541631600,82.4,9.17,-2.03,-79.75,65
Ulaanbaatar,40,MN,1541631600,10.4,4.47,47.92,106.92,72
Hammerfest,20,NO,1541631000,35.6,11.41,70.66,23.68,100
Pavlivka,0,UA,1541633688,24.6,2.82,48.13,39.54,72
Alihe,36,CN,1541633688,10.61,2.48,50.57,123.73,69
Arraial do Cabo,75,BR,1541628000,73.4,12.75,-22.97,-42.02,88
Pevek,68,RU,1541633688,9.71,2.59,69.7,170.27,100
Oranjemund,0,ZA,1541633689,60.92,28.21,-28.55,16.43,86
Hazorasp,0,UZ,1541628000,30.2,2.24,41.32,61.08,92
Mahajanga,40,MG,1541631600,80.6,4.7,-15.72,46.32,83
Port Blair,36,IN,1541633689,84.77,11.77,11.67,92.75,97
Ipilan,80,PH,1541633689,81.3,7.74,8.84,117.9,100
Ribeira Grande,44,PT,1541633690,66.23,21.39,38.52,-28.7,98
Severo-Kurilsk,64,RU,1541633690,39.23,11.88,50.68,156.12,95
Hithadhoo,48,MV,1541633690,84.77,18.59,-0.6,73.08,98
Hattiesburg,90,US,1541632500,69.8,2.59,31.33,-89.29,100
Southbridge,1,US,1541631360,60.08,9.17,42.08,-72.03,56
Ishigaki,40,JP,1541628000,75.2,3.36,24.34,124.16,88
Olga,5,US,1541632260,77.72,6.93,34.11,-118.17,56
Mount Gambier,76,AU,1541633513,56.78,5.84,-37.83,140.78,70
Port Lincoln,24,AU,1541633742,59.84,9.19,-34.72,135.86,84
Pundaguitan,20,PH,1541633742,83.37,7.96,6.37,126.17,100
Abu Dhabi,0,AE,1541631600,77,4.7,24.47,54.37,65
Marystown,92,CA,1541633742,49.04,17.02,47.17,-55.16,95
Pangody,44,RU,1541633742,-0.87,13.67,65.85,74.49,78
Soligalich,88,RU,1541633743,33.92,8.41,59.08,42.29,98
Luganville,68,VU,1541633743,80.22,14.45,-15.51,167.18,98
Morant Bay,40,JM,1541631600,82.4,10.29,17.88,-76.41,69
Codrington,100,AU,1541633743,65.1,3.94,-28.95,153.24,100
Lorengau,8,PG,1541633744,85.31,4.16,-2.02,147.27,98
La Orilla,0,MX,1541633744,81.48,6.29,18,-102.23,82
Cuamba,100,MZ,1541633744,79.82,3.94,-14.8,36.54,42
Cedar City,1,US,1541631180,57.92,6.73,37.68,-113.06,19
Nome,90,US,1541632500,78.8,3.36,30.04,-94.42,85
Kodiak,1,US,1541631180,39.92,6.93,39.95,-94.76,64
Lalmohan,8,BD,1541633745,74.78,9.19,22.34,90.74,90
Whitianga,56,NZ,1541633745,63.44,15.35,-36.83,175.7,94
Ust-Abakan,0,RU,1541631600,35.6,17.9,53.84,91.38,64
Airai,0,TL,1541633745,77.52,2.04,-8.93,125.41,83
Puerto Leguizamo,32,CO,1541633619,79.19,2.15,-0.19,-74.78,90
Tura,0,IN,1541633746,58.58,2.59,25.52,90.21,85
Vilhena,20,BR,1541633746,73.88,2.37,-12.74,-60.15,95
Roald,0,NO,1541631000,51.8,4.7,62.58,6.12,87
Sabha,0,LY,1541633746,58.08,5.73,27.03,14.43,53
Laguna,5,MX,1541630460,91.4,6.93,27.52,-110.01,14
New Norfolk,75,AU,1541631600,51.8,19.46,-42.78,147.06,43
Kargasok,80,RU,1541633747,23.75,4.72,59.06,80.87,85
Mehamn,40,NO,1541631000,33.8,11.41,71.03,27.85,80
Lexington Park,75,US,1541632500,57.2,5.82,38.26,-76.45,64
Ouesso,48,CG,1541633747,70.77,2.26,1.61,16.05,100
Tateyama,20,JP,1541628000,51.8,1.12,36.66,137.31,93
Aguimes,75,ES,1541631600,68,6.93,27.91,-15.45,60
Rafai,32,CF,1541633748,71.54,5.17,4.95,23.92,92
Rio Grande,75,BR,1541628000,68,13.87,-32.03,-52.1,77
Tazmalt,0,DZ,1541631600,53.6,6.93,36.39,4.4,81
Torbay,75,CA,1541631600,50,19.46,47.66,-52.73,100
Choix,0,MX,1541633749,77.93,1.7,26.71,-108.33,32
Jasper,68,US,1541631360,57.2,6.17,33.83,-87.28,87
Paracuru,20,BR,1541631600,80.6,10.29,-3.41,-39.03,74
Clovis,1,US,1541631360,77,3.36,36.83,-119.7,28
Jacmel,20,HT,1541631600,82.4,5.82,18.24,-72.54,74
Flinders,40,AU,1541628000,59,12.75,-34.58,150.85,41
Polunochnoye,48,RU,1541633801,32.21,14.23,60.87,60.43,91
Banjar,88,ID,1541633802,73.92,2.71,-7.37,108.54,95
Mayumba,92,GA,1541633802,77.25,4.5,-3.44,10.65,100
Grindavik,90,IS,1541631600,41,4.7,63.84,-22.43,100
Nancha,0,CN,1541633802,21.45,3.15,47.14,129.26,68
Fortuna,0,ES,1541631600,55.4,1.12,38.18,-1.13,82
Gushikawa,1,JP,1541631360,75.02,3.36,26.35,127.87,95
Redlands,5,US,1541631480,75.92,4.7,34.06,-117.19,40
Hasaki,20,JP,1541631600,60.8,11.41,35.73,140.83,77
East London,0,ZA,1541633803,61.95,12.44,-33.02,27.91,100
Foso,12,GH,1541633803,71.9,3.71,5.7,-1.29,96
Colombo,40,LK,1541628600,75.2,5.82,6.93,79.85,88
Turukhansk,64,RU,1541633804,7.64,10.98,65.8,87.96,81
Chuy,0,UY,1541633804,61.23,13.67,-33.69,-53.46,76
Alvorada,40,BR,1541631600,71.6,12.75,-30,-51.08,88
Beringovskiy,8,RU,1541633804,21.68,2.59,63.05,179.32,100
Cabedelo,20,BR,1541631600,78.8,5.82,-6.97,-34.84,78
General Roca,75,AR,1541631600,84.2,10.29,-39.03,-67.58,32
Anito,56,PH,1541633805,81.44,18.14,12.45,125.29,100
Jackville,20,CI,1541631600,82.4,2.24,5.21,-4.42,78
Huntington,20,US,1541631360,62.06,12.75,40.87,-73.43,49
Port Augusta,40,AU,1541631600,60.8,3.36,-32.49,137.76,55
Varzea Grande,75,BR,1541628000,71.6,14.99,-29.42,-50.86,73
Egvekinot,76,RU,1541633806,18.53,2.82,66.32,-179.17,85
Sisimiut,56,GL,1541633806,2.51,1.59,66.94,-53.67,100
Mandalgovi,64,MN,1541633807,14.52,8.41,45.76,106.27,57
Dingle,80,PH,1541633807,78.78,12.77,11,122.67,88
Phan Thiet,0,VN,1541633807,80.18,14.45,10.93,108.1,97
Comodoro Rivadavia,0,AR,1541631600,80.6,25.28,-45.87,-67.48,10
San Patricio,0,PY,1541633808,76.8,6.96,-26.98,-56.83,61
Pedernales,56,EC,1541633808,74.24,7.18,0.07,-80.05,89
Zunyi,24,CN,1541633808,37.7,2.48,27.73,106.92,91
Mar del Plata,8,AR,1541633808,71.58,26.31,-46.43,-67.52,28
Rajapolah,88,ID,1541633808,70.19,1.59,-7.24,108.18,96
Handan,48,CN,1541633809,39.18,5.28,36.58,114.48,97
Griffith,0,AU,1541633809,57.63,9.31,-34.29,146.06,77
Jiwani,0,PK,1541633809,67.04,5.61,25.05,61.74,91
Taoudenni,0,ML,1541633809,65.1,7.52,22.68,-3.98,39
Koygorodok,88,RU,1541633809,34.28,7.74,60.44,51.01,94
San Vicente,20,SV,1541631000,84.2,6.93,13.64,-88.78,94
Ponta do Sol,92,BR,1541633811,63.98,3.71,-20.63,-46,100
Lady Frere,12,ZA,1541633811,35.22,2.37,-31.7,27.23,95
Winsum,80,NL,1541631300,53.6,9.17,53.33,6.52,81
Merauke,0,ID,1541633811,87.47,11.65,-8.49,140.4,72
Tomari,0,RU,1541633811,40.8,4.61,47.76,142.06,86
Jumla,0,NP,1541633861,22.85,2.59,29.28,82.18,76
Rosignol,8,GY,1541633862,78.92,6.73,6.28,-57.53,91
Turbat,0,PK,1541633862,54.53,2.71,26,63.05,83
Sorland,0,NO,1541633862,47.28,17.13,67.67,12.69,100
Atar,12,MR,1541633862,73.88,3.94,20.52,-13.05,36
Krasnyy Chikoy,0,RU,1541633862,0.03,2.37,50.36,108.75,57
Luis Correia,8,BR,1541633863,81.8,17.69,-2.88,-41.67,66
Carthage,90,US,1541632500,57.02,5.82,32.16,-94.34,93
Smithers,75,CA,1541631600,32,1.92,54.78,-127.17,82
Coquimbo,75,CL,1541631600,57.2,11.41,-29.95,-71.34,87
Pacific Grove,1,US,1541631300,80.6,4.7,36.62,-121.92,62
Mogadishu,56,SO,1541633787,80.58,8.75,2.04,45.34,99
Gizo,0,IL,1541632800,60.8,2.24,31.8,34.94,82
Visby,0,SE,1541631000,48.2,6.93,57.64,18.3,93
Kudahuvadhoo,64,MV,1541633864,82.61,7.74,2.67,72.89,100
Bauchi,0,NG,1541633865,67.4,3.94,10.31,9.85,48
Husavik,36,CA,1541633865,22.53,9.42,50.56,-96.99,90
Ambilobe,12,MG,1541633865,70.01,4.5,-13.19,49.05,84
Namibe,0,AO,1541633865,71.63,9.64,-15.19,12.15,100
Wagar,56,US,1541633865,67.94,3.27,31.44,-87.99,99
Kruisfontein,0,ZA,1541633865,56.78,13.89,-34,24.73,87
Sitka,68,US,1541633866,41.93,12.66,37.17,-99.65,49
Pangnirtung,40,CA,1541631600,14,4.7,66.15,-65.72,72
Anadyr,90,RU,1541631600,6.8,2.24,64.73,177.51,84
High Rock,20,BS,1541631600,80.6,12.77,26.63,-78.28,78
Sorong,36,ID,1541633866,79.46,8.86,-0.86,131.25,100
Luwuk,76,ID,1541633867,83.55,2.48,-0.95,122.79,82
Los Llanos de Aridane,90,ES,1541631600,68,6.93,28.66,-17.92,64
Bandarbeyla,68,SO,1541633867,80.99,13.33,9.49,50.81,100
Tabuk,24,PH,1541633867,67.85,1.59,17.41,121.44,89
Harlingen,20,US,1541632500,89.96,14.99,26.19,-97.7,67
Kaliua,76,TZ,1541633868,68.43,2.59,-5.06,31.79,78
Recodo,92,PH,1541633868,73.7,6.62,13.03,121.49,100
Kattivakkam,20,IN,1541631600,75.2,10.42,13.22,80.32,94
Bilibino,32,RU,1541633868,-6.59,2.37,68.06,166.44,70
Tiksi,44,RU,1541633868,-10.28,3.04,71.64,128.87,70
Luan,0,CH,1541632800,48.2,3.36,46.36,6.98,93
Diamantino,76,BR,1541633869,72.98,2.82,-14.4,-56.44,98
Mana,0,RS,1541631600,44.6,3.36,43.52,20.24,100
Tres Palos,20,MX,1541630640,84.2,5.82,16.83,-99.78,74
Madang,88,PG,1541633869,80.09,1.14,-5.21,145.81,92
Batagay-Alyta,0,RU,1541633869,-33.63,6.4,67.8,130.41,55
Watsa,32,CD,1541633870,66.05,3.6,3.04,29.53,94
Thinadhoo,88,MV,1541633870,82.79,17.13,0.53,72.93,100
Inirida,56,CO,1541633805,77.3,3.15,3.87,-67.92,94
Leningradskiy,64,RU,1541633870,14.39,3.38,69.38,178.42,100
Sulangan,76,PH,1541633870,81.62,17.47,11.14,123.72,100
Posadas,0,PY,1541631600,80.6,6.93,-27.37,-55.89,47
Rawson,20,AR,1541633922,82.61,19.15,-43.3,-65.11,19
Martapura,92,ID,1541633922,73.83,7.52,-3.41,114.85,100
Casas Grandes,0,MX,1541633922,70.32,1.92,30.15,-110.24,48
Sidi Ali,0,DZ,1541633922,44.27,2.71,36.1,0.42,86
Charyshskoye,92,RU,1541633922,31.13,10.42,51.4,83.56,89
Cortes,80,PH,1541633923,75.63,3.94,9.28,126.19,100
Burnie,36,AU,1541633923,52.64,17.02,-41.05,145.91,100
Redmond,40,US,1541632500,53.06,4.7,47.67,-122.12,58
Vanimo,44,PG,1541633923,83.73,6.62,-2.67,141.3,100
Faya,0,SA,1541631600,57.2,2.37,18.39,42.45,71
Tessalit,0,ML,1541633924,65.6,6.73,20.2,1.01,28
Corrente,92,BR,1541633924,70.55,5.17,-17.45,-44.68,85
Ewa Beach,1,US,1541631420,84.02,10.29,21.32,-158.01,62
Norman Wells,40,CA,1541631600,8.6,9.17,65.28,-126.83,84
Elizabeth City,1,US,1541632500,62.96,3.36,36.3,-76.22,72
Vanavara,80,RU,1541633924,9.17,6.17,60.35,102.28,81
Lai,0,CN,1541633925,32.07,1.36,27.82,91.75,40
Udachnyy,68,RU,1541633925,-1.82,5.5,66.42,112.4,78
Port Hardy,75,CA,1541631600,46.4,4.7,50.7,-127.42,75
Aquiraz,20,BR,1541631600,80.6,10.29,-3.9,-38.39,74
Chara,75,GR,1541631000,55.4,2.71,39.42,22.43,93
Denpasar,40,ID,1541629800,78.8,3.36,-8.65,115.22,94
Taganak,75,PH,1541631600,78.8,3.36,6.08,118.3,94
Chubbuck,40,US,1541631180,42.08,11.41,42.93,-112.47,35
Turek,0,PL,1541633926,45.48,7.52,52.02,18.5,88
Marsaxlokk,0,MT,1541632500,60.8,4.7,35.84,14.54,87
Hanzhong,12,CN,1541633926,25.19,1.59,33.08,107.03,80
Isiro,20,CD,1541633927,67.58,2.04,2.77,27.62,97
Dickinson,90,US,1541631360,21.02,8.05,46.88,-102.79,56
Gat,64,SN,1541633927,78.74,10.98,14.69,-16.54,60
Abu Samrah,76,SY,1541633927,46.92,3.94,35.3,37.18,93
Solnechnyy,36,RU,1541633927,25.95,6.62,50.72,136.64,62
Coihaique,90,CL,1541631600,53.6,12.75,-45.58,-72.07,58
Da Lat,56,VN,1541633632,66.23,2.82,11.95,108.44,97
Lagoa,0,PT,1541631600,59,4.7,37.14,-8.45,87
Anaconda,75,US,1541631180,30.92,3.36,46.13,-112.94,72
Sioux Lookout,90,CA,1541631600,21.2,10.29,50.1,-91.92,73
Esna,88,RO,1541633929,43.5,3.71,45.2,27.57,91
Seddon,68,NZ,1541633929,62.58,18.7,-41.67,174.07,83
Asyut,0,EG,1541631600,62.6,4.7,27.18,31.19,72
Maceio,40,BR,1541631600,77,8.05,-9.67,-35.74,88
Pangoa,36,PE,1541633929,65.87,2.37,-12.12,-73,95
Bhabua,0,IN,1541633981,58.94,3.15,25.04,83.61,77
Raudeberg,8,NO,1541631000,51.8,9.17,61.99,5.14,93
Barela,0,IN,1541633982,51.2,3.27,23.1,80.05,67
Senador Pompeu,32,BR,1541633982,82.7,10.76,-5.58,-39.37,46
Ochamchira,12,GE,1541633982,54.57,7.96,42.71,41.47,100
Najran,40,SA,1541631600,71.6,1.81,17.54,44.22,37
Bethel,1,US,1541631180,35.96,5.82,60.79,-161.76,89
Yurla,88,RU,1541633983,34.55,10.09,59.33,54.32,94
Seymchan,76,RU,1541633983,-8.52,3.27,62.93,152.39,100
Honningsvag,40,NO,1541631000,33.8,11.41,70.98,25.97,80
Pisco,0,PE,1541631600,71.6,23.04,-13.71,-76.2,30
Broken Hill,0,AU,1541633984,58.22,8.75,-31.97,141.45,69
Cabo San Lucas,5,MX,1541630700,84.2,5.82,22.89,-109.91,54
Brigantine,1,US,1541631600,60.98,6.93,39.41,-74.36,49
Campo Verde,75,PE,1541631600,73.4,4.7,-8.47,-74.81,94
Ormara,0,PK,1541633985,70.95,8.97,25.21,64.64,95
Ayr,40,GB,1541631000,48.2,10.29,55.46,-4.63,76
Fort-Shevchenko,56,KZ,1541633985,39.72,6.62,44.51,50.26,100
Nishihara,90,JP,1541631600,60.8,5.82,35.74,139.53,67
Gouyave,75,GD,1541631600,75.2,5.82,12.16,-61.73,94
Batagay,12,RU,1541633985,-31.2,2.48,67.65,134.64,52
Kavaratti,36,IN,1541633986,84.77,2.71,10.57,72.64,100
Hay River,90,CA,1541631600,8.6,5.82,60.82,-115.79,92
Tilichiki,88,RU,1541633986,23.12,8.75,60.47,166.1,90
Karratha,0,AU,1541633986,86.93,5.17,-20.74,116.85,18
Mosquera,40,CO,1541631600,59,4.7,4.71,-74.23,82
Siaya,44,KE,1541633987,65.6,8.08,0.06,34.29,100
Nampula,20,MZ,1541631600,77,4.7,-15.12,39.26,65
Viedma,0,AR,1541633987,77.52,21.72,-40.81,-62.99,34
Hofn,92,IS,1541633987,44.13,20.71,64.25,-15.21,97
Anloga,20,GH,1541631600,80.6,4.7,5.79,0.9,83
Tortoli,40,IT,1541631300,59,2.24,39.93,9.66,62
Mustafabad,0,IN,1541633988,51.11,2.71,29.64,77.11,85
Hamilton,20,BM,1541631300,75.2,5.82,32.3,-64.78,83
Takoradi,20,GH,1541633988,80,5.61,4.89,-1.75,100
Namie,75,JP,1541631600,55.4,8.05,37.52,140.86,100
Mullovka,36,RU,1541631600,32,11.18,54.22,49.39,100
Lusambo,80,CD,1541633989,70.73,2.37,-4.97,23.44,99
Ust-Kut,68,RU,1541633989,17.58,6.62,56.78,105.75,73
Karymskoye,0,RU,1541633989,0.48,2.93,51.62,114.34,58
Jining,92,CN,1541633989,41.48,6.17,35.41,116.58,100
Jerantut,88,MY,1541633990,72.53,1.7,3.94,102.37,98
Wangaratta,40,AU,1541631600,57.2,9.17,-36.36,146.32,50
Lake City,90,US,1541631360,42.08,4.7,38.03,-107.32,27
Jalu,0,LY,1541633990,62.36,10.76,29.03,21.55,74
Baykit,56,RU,1541633990,6.56,6.62,61.68,96.39,81
Berlevag,40,NO,1541631000,33.8,11.41,70.86,29.09,80
Huarmey,56,PE,1541633991,68.3,3.83,-10.07,-78.15,66
Pemberton,8,AU,1541634042,59.93,4.61,-34.44,116.03,62
Zhicheng,0,CN,1541634042,38.55,4.83,35.04,112.59,97
Almeirim,0,PT,1541631600,53.6,2.24,39.21,-8.63,81
Khasan,92,RU,1541634042,47.6,9.19,42.43,130.64,100
Kirakira,76,SB,1541634042,81.93,11.77,-10.46,161.92,100
Hervey Bay,56,AU,1541633889,79.73,8.97,-25.3,152.85,82
Atikokan,80,CA,1541634042,25.32,7.07,48.76,-91.62,75
Maxixe,68,MZ,1541634043,67.04,11.88,-23.86,35.35,100
Mpika,20,ZM,1541634043,73.25,12.88,-11.84,31.4,44
Kedrovyy,40,RU,1541631600,26.6,8.95,56.17,91.82,79
Millau,0,FR,1541631600,41,2.24,44.1,3.08,93
Iguape,92,BR,1541634043,68.39,11.32,-24.7,-47.56,100
Dinan,0,FR,1541631600,44.6,10.29,48.45,-2.05,81
Gambo,0,NG,1541634044,69.65,7.4,11.96,9.63,32
Biak,76,ID,1541634044,83.55,2.48,-0.91,122.88,82
Mikuni,20,JP,1541631600,55.4,3.36,36.22,136.15,87
Rock Springs,20,US,1541631240,35.96,18.34,41.59,-109.2,25
Ancud,80,CL,1541634045,51.02,3.94,-41.87,-73.83,69
Avera,90,US,1541631540,73.04,3.36,33.19,-82.53,79
Nioro,12,GM,1541634045,75.86,2.93,13.79,-15.05,76
Khombole,92,SN,1541634045,75.5,8.75,14.76,-16.69,80
Wakkanai,0,JP,1541634045,45.57,5.5,45.41,141.67,100
Sangar,36,RU,1541634046,-5.6,2.59,63.92,127.47,83
Souillac,0,FR,1541631600,46.4,3.36,45.6,-0.6,100
Zaidpur,0,IN,1541631600,57.2,2.71,26.83,81.33,82
Miraflores,36,CO,1541634047,53.36,2.15,5.2,-73.14,100
Nadym,44,RU,1541634047,2.37,15.01,65.53,72.51,67
Balad,68,ID,1541634047,80.9,7.29,-6.76,108.42,100
Kwidzyn,8,PL,1541634047,46.07,8.75,53.73,18.93,91
Roblin,56,CA,1541634048,14.12,11.77,51.23,-101.35,76
Kita,20,JP,1541631600,60.8,14.99,35.76,139.74,72
Nouakchott,12,MR,1541633776,72.8,14.67,18.08,-15.98,94
Te Anau,100,NZ,1541634048,47.78,3.6,-45.41,167.72,100
Chittur,20,IN,1541633400,71.6,2.37,10.7,76.74,83
Cockburn Town,0,TC,1541634049,82.7,13,21.46,-71.14,96
Dovers,68,VC,1541634049,80.9,14.34,12.88,-61.18,100
Koronowo,12,PL,1541631600,46.4,3.36,53.31,17.94,87
Ranong,20,TH,1541631600,75.2,2.24,9.96,98.62,100
Kedgwick,92,CA,1541634050,43.91,12.21,47.65,-67.35,77
La Ronge,75,CA,1541631600,10.4,4.7,55.1,-105.3,78
Kaitangata,100,NZ,1541634050,48.14,4.94,-46.28,169.85,100
Nieuw Nickerie,24,SR,1541634050,81.57,13.11,5.94,-56.99,100
Zabid,12,YE,1541634050,47.82,2.15,14.2,44.5,89
Jiangyou,44,CN,1541634050,31.67,2.59,31.78,104.73,91
Saint-Georges,92,CA,1541634102,42.47,12.1,46.12,-70.67,81
Deputatskiy,68,RU,1541634102,-17.52,2.82,69.3,139.9,72
Zhezkazgan,76,KZ,1541634102,21.32,5.73,47.8,67.71,80
Bosaso,20,SO,1541634102,76.13,7.18,11.28,49.18,100
Camp Diable,20,MU,1541631600,73.4,3.36,-20.46,57.58,88
Prince George,90,CA,1541631600,24.8,4.7,53.92,-122.75,85
Puerto Baquerizo Moreno,20,EC,1541631600,75.2,16.11,-0.9,-89.6,78
Naze,56,NG,1541634103,71.9,2.93,5.43,7.07,96
Muros,20,ES,1541631600,46.4,9.17,42.77,-9.06,87
Arua,68,UG,1541634103,66.05,2.15,3.02,30.91,98
Gamba,0,CN,1541634103,-11.85,0.69,28.28,88.52,42
Fort Wellington,20,GY,1541634104,82.43,13,6.4,-57.6,98
Cayenne,0,GF,1541631600,80.6,8.05,4.94,-52.33,83
Kimberley,0,ZA,1541631600,53.6,5.82,-28.74,24.76,23
Itarema,0,BR,1541634104,78.74,14.79,-2.92,-39.92,77
Nenita,80,PH,1541634104,81.75,15.57,12.49,124.8,100
Sawtell,90,AU,1541632140,60.8,14.99,-30.38,153.1,87
Chapais,90,CA,1541633520,32,8.05,49.78,-74.86,100
Santa Fe,0,AR,1541634105,69.65,10.98,-31.62,-60.7,54
Magadan,0,RU,1541631600,1.4,4.47,59.56,150.8,70
Jiexiu,0,CN,1541634106,26.54,3.71,37.02,111.92,93
Florestopolis,20,BR,1541631600,77,16.11,-22.86,-51.39,65
Zhanaozen,0,KZ,1541634106,20.96,2.93,43.35,52.85,72
Miquelon,90,PM,1541631600,46.4,14.99,47.1,-56.38,100
Komsomolskiy,0,RU,1541634107,-7.04,7.4,67.55,63.78,60
Estevan,90,CA,1541632500,14,12.75,49.14,-102.99,72
Nemuro,36,JP,1541634107,49.31,10.2,43.32,145.57,100
Port-Gentil,75,GA,1541631600,78.8,3.36,-0.72,8.78,94
Yamethin,0,MM,1541634107,65.78,7.74,20.43,96.14,97
Coracora,0,PE,1541634108,43.95,2.48,-15.02,-73.78,45
Madera,1,US,1541631300,78.8,3.36,36.96,-120.06,27
Mweka,88,CD,1541634108,74.33,2.93,-4.85,21.56,95
Damoh,0,IN,1541634108,50.21,3.27,23.84,79.44,64
Westport,24,IE,1541634108,41.66,18.03,53.8,-9.52,100
Bogorodskoye,0,RU,1541634108,22.85,5.5,52.37,140.44,89
Sanford,1,US,1541631360,64.94,5.5,35.48,-79.18,72
Mlowo,8,TZ,1541634109,61.5,3.83,-9.01,33,73
Lokosovo,80,RU,1541634109,12.45,3.6,61.13,74.84,91
Necochea,0,AR,1541634109,60.33,13,-38.55,-58.74,49
Upernavik,48,GL,1541634109,18.12,4.38,72.79,-56.15,100
Kushima,75,JP,1541631600,62.6,6.93,31.5,131.29,88
Mahuva,0,IN,1541634110,80.13,11.77,21.09,71.76,100
Buala,88,SB,1541634110,81.62,6.51,-8.15,159.59,97
Rochegda,80,RU,1541634110,35.27,4.83,62.67,43.41,99
Gold Coast,90,AU,1541631600,71.6,6.93,-28,153.41,73
Kilindoni,92,TZ,1541634111,75.86,4.94,-7.91,39.67,100
Murgab,75,TM,1541631600,46.4,2.48,37.5,61.97,87
Khandyga,56,RU,1541634162,-2.9,1.92,62.65,135.58,73
Bacolod,76,PH,1541634162,78.78,8.63,10.68,122.95,87
Torrejon de Ardoz,40,ES,1541631600,48.2,3.36,40.46,-3.47,100
Xining,0,CN,1541634163,4.58,3.15,36.62,101.77,51
La Trinidad,75,NI,1541631600,71.6,4.7,12.97,-86.24,83
Beira,0,ES,1541631600,48.2,5.82,43.2,-8.36,81
Dakar,80,SN,1541631600,75.2,6.93,14.69,-17.45,94
Bichena,100,ET,1541634164,56.15,1.59,10.45,38.2,98
Byron Bay,90,AU,1541631600,71.6,6.93,-28.65,153.62,73
Guilin,90,CN,1541631600,53.6,3.94,25.28,110.29,76
Castelo Branco,64,PT,1541634164,46.07,2.71,39.82,-7.5,91
Ornskoldsvik,92,SE,1541631000,41,4.7,63.29,18.72,100
Port Lavaca,1,US,1541631180,84.02,8.05,28.61,-96.63,90
Novozybkov,90,RU,1541631600,32,4.47,52.54,31.93,73
Kantunilkin,40,MX,1541630940,80.6,3.36,21.1,-87.49,74
Ugoofaaru,92,MV,1541634165,79.19,1.36,5.67,73,100
Mount Isa,36,AU,1541631600,71.6,14.99,-20.73,139.49,35
San Marcos,40,GT,1541631600,86,4.7,14.97,-91.79,70
Cermik,0,TR,1541631000,41,5.82,38.14,39.45,93
Mahibadhoo,76,MV,1541634166,82.92,2.59,3.78,72.97,100
Srednekolymsk,64,RU,1541634167,-2.4,3.15,67.46,153.71,72
Port Macquarie,75,AU,1541631600,59,17.22,-31.43,152.91,72
Siva,40,GR,1541631000,62.6,6.93,35.21,25.04,88
Saint-Augustin,0,FR,1541631600,44.6,4.7,44.83,-0.61,100
Lens,44,FR,1541631600,51.8,11.41,50.43,2.83,93
Hare Bay,20,CA,1541631600,50,16.11,48.86,-53.99,81
Saldanha,64,PT,1541634168,36.57,2.71,41.42,-6.55,94
Kaeo,36,NZ,1541634168,69.87,12.66,-35.1,173.78,70
Kuytun,64,RU,1541634168,18.08,4.61,54.34,101.51,81
Reitz,0,ZA,1541634169,43.64,9.53,-27.8,28.43,57
